# time_from_pulse_hours,relative_flux,relative_flux_error
# Source: Kepler long-cadence PDC light curves from MAST; system parameters from Masuda et al. (2019), arXiv:1907.07656.
# Processing: SAP_QUALITY=0, finite PDC values, per-event quadratic baseline outside |dt|=0.42 day, inverse-variance bins of width 1 hour.
-15.223016,0.999893381,0.000260619
-14.480503,0.999884576,0.000149588
-13.621138,1.000047218,0.000129160
-12.513366,0.999897758,0.000115314
-11.409859,1.000273437,0.000129158
-10.298488,1.000082987,0.000181057
-9.317775,1.000352117,0.000181051
-8.582066,1.000544262,0.000256066
-7.362742,1.000738147,0.000148729
-6.510215,1.000779401,0.000182681
-5.660407,1.000698175,0.000184355
-4.679633,1.000464851,0.000184345
-3.453694,1.000845400,0.000260731
-2.718095,1.000486685,0.000184342
-1.492164,1.000786173,0.000150542
-0.266158,1.000779910,0.000184365
0.714624,1.000419905,0.000184344
1.695442,1.000727674,0.000184358
2.676165,1.000802556,0.000184358
3.656968,1.000888468,0.000184373
4.637745,1.000486701,0.000184354
5.618478,1.000887490,0.000184363
6.599305,1.000820655,0.000184363
7.580057,1.000562627,0.000184349
8.315629,1.000355084,0.000260684
9.541593,1.000005740,0.000184334
10.522397,1.000071864,0.000184331
11.503202,1.000359735,0.000184338
12.483917,1.000324493,0.000184347
13.464719,1.000169840,0.000184341
14.445537,0.999788861,0.000184320
15.181065,0.999737183,0.000260668
